Date,Close/Last,Volume,Open,High,Low,Day
02/24/2025,212.71,42387590,217.45,217.72,212.42,0
02/21/2025,216.58,55323850,223.28,223.31,214.74,1
02/20/2025,222.88,30001670,224.78,225.13,221.81,2
02/19/2025,226.63,28566710,225.52,226.83,223.71,3
02/18/2025,226.65,42975130,228.82,229.30,223.72,4
02/14/2025,228.68,27031080,229.20,229.89,227.23,5
02/13/2025,230.37,31346510,228.85,230.42,227.52,6
02/12/2025,228.93,32285250,230.46,231.18,228.16,7
02/11/2025,232.76,23713730,231.92,233.44,230.13,8
02/10/2025,233.14,35419930,230.55,233.92,229.20,9
02/07/2025,229.15,77539280,232.50,234.81,228.06,10
02/06/2025,238.83,60897100,238.01,239.66,236.01,11
02/05/2025,236.17,38832040,237.02,238.32,235.20,12
02/04/2025,242.06,29713810,239.01,242.52,238.03,13
02/03/2025,237.42,37285870,234.06,239.25,232.90,14
01/31/2025,237.68,36162380,236.50,240.29,236.41,15
01/30/2025,234.64,32020730,237.14,237.95,232.22,16
01/29/2025,237.07,26091720,239.02,240.39,236.15,17
01/28/2025,238.15,41587190,234.29,241.77,233.98,18
01/27/2025,235.42,49428330,226.21,235.61,225.86,19
01/24/2025,234.85,25890740,234.50,236.40,232.93,20
01/23/2025,235.42,26404360,234.10,235.52,231.51,21
01/22/2025,235.01,41448220,232.02,235.44,231.19,22
01/21/2025,230.71,39951460,228.90,231.78,226.94,23
01/17/2025,225.94,42370120,225.84,226.51,223.08,24
01/16/2025,220.66,24757280,224.42,224.65,220.31,25
01/15/2025,223.35,31291260,222.83,223.57,220.75,26
01/14/2025,217.76,24711650,220.44,221.82,216.20,27
01/13/2025,218.46,27262660,218.06,219.40,216.47,28
01/10/2025,218.94,36811530,221.46,221.71,216.50,29
01/08/2025,222.13,25033290,223.19,223.52,220.20,30
01/07/2025,222.11,28084160,227.90,228.38,221.46,31
01/06/2025,227.61,31849830,226.78,228.84,224.84,32
01/03/2025,224.19,27515610,222.51,225.36,221.62,33
01/02/2025,220.22,33956580,222.03,225.15,218.19,34
12/31/2024,219.39,24819660,222.97,223.23,218.94,35
12/30/2024,221.30,28321240,220.06,223.00,218.43,36
12/27/2024,223.75,27367150,225.60,226.03,220.90,37
12/26/2024,227.05,16174500,228.50,228.50,226.67,38
12/24/2024,229.05,15007500,226.94,229.14,226.13,39
12/23/2024,225.06,28070010,225.01,226.88,223.90,40
12/20/2024,224.92,88279180,219.84,226.21,218.73,41
12/19/2024,223.29,39918740,224.91,226.09,222.92,42
12/18/2024,220.52,43281440,230.77,231.40,220.11,43
12/17/2024,231.15,35948130,232.39,232.73,227.85,44
12/16/2024,232.93,37552100,230.23,233.00,228.01,45
12/13/2024,227.46,28768080,228.40,230.20,225.86,46
12/12/2024,228.97,28204080,229.83,231.09,227.63,47
12/11/2024,230.26,35385790,226.41,231.20,226.26,48
12/10/2024,225.04,31199860,226.09,229.06,224.20,49
12/09/2024,226.09,46819360,227.21,230.08,225.67,50
12/06/2024,227.03,44178070,220.75,227.15,220.60,51
12/05/2024,220.55,41140220,218.03,222.15,217.30,52
12/04/2024,218.16,48745720,215.96,220.00,215.75,53
12/03/2024,213.44,32214830,210.31,214.02,209.65,54
12/02/2024,210.71,39523190,209.96,212.99,209.51,55
11/29/2024,207.89,24892450,205.83,208.20,204.59,56
11/27/2024,205.74,28061640,206.98,207.64,205.05,57
11/26/2024,207.86,41673740,201.90,208.00,201.79,58
11/25/2024,201.45,40685670,199.28,201.95,199.00,59
11/22/2024,197.12,31530840,198.25,199.26,196.75,60
11/21/2024,198.38,58800040,203.49,203.49,195.75,61
11/20/2024,202.88,32768990,202.98,203.13,199.45,62
11/19/2024,204.61,31197870,199.33,205.30,198.78,63
11/18/2024,201.70,36512470,204.15,204.67,200.95,64
11/15/2024,202.61,86591140,206.76,207.34,199.61,65
11/14/2024,211.48,42620310,214.16,215.90,210.88,66
11/13/2024,214.10,46212940,209.40,215.09,209.14,67
11/12/2024,208.91,38942920,208.37,209.54,206.01,68
11/11/2024,206.84,35456010,208.50,209.65,205.59,69
11/08/2024,208.18,36075850,209.72,209.96,207.44,70
11/07/2024,210.05,52878380,207.44,212.25,207.19,71
11/06/2024,207.09,72292170,200.01,207.55,199.14,72
11/05/2024,199.50,30564780,196.04,199.82,195.99,73
11/04/2024,195.78,38492060,196.45,197.33,194.31,74
11/01/2024,197.93,99687850,199.00,200.50,197.02,75
10/31/2024,186.40,75146760,190.51,190.60,185.23,76
10/30/2024,192.73,37707550,194.70,195.61,192.42,77
10/29/2024,190.83,35690160,188.58,191.46,187.82,78
10/28/2024,188.39,27930840,189.57,190.21,188.21,79
10/25/2024,187.83,29362060,187.85,190.45,187.53,80
10/24/2024,186.38,21647400,185.25,187.11,183.86,81
10/23/2024,184.71,31937090,188.85,189.16,183.69,82
10/22/2024,189.70,29650590,188.35,191.52,186.98,83
10/21/2024,189.07,24639390,188.05,189.46,186.40,84
10/18/2024,188.99,37417670,187.15,190.74,186.28,85
10/17/2024,187.53,25039410,188.22,188.94,186.00,86
10/16/2024,186.89,23456810,187.05,187.78,185.61,87
10/15/2024,187.69,32178930,187.63,188.41,184.58,88
10/14/2024,187.54,22614410,189.78,189.83,187.36,89
10/11/2024,188.82,25751560,186.63,189.93,186.30,90
10/10/2024,186.65,27785040,187.13,188.13,185.83,91
10/09/2024,185.17,26343120,182.82,185.85,182.05,92
10/08/2024,182.72,26372090,181.92,183.09,180.92,93
10/07/2024,180.80,42364200,182.95,183.60,180.25,94
10/04/2024,186.51,41079010,185.75,187.60,183.60,95
10/03/2024,181.96,30204300,183.05,183.44,180.88,96
10/02/2024,184.76,23704060,184.44,186.60,184.04,97
10/01/2024,185.13,36044910,184.90,186.19,183.45,98
09/30/2024,186.33,41680400,187.14,188.49,184.65,99
09/27/2024,187.97,36002320,190.68,190.90,187.34,100
09/26/2024,191.16,36334850,194.31,194.53,189.54,101
09/25/2024,192.53,26391140,193.75,193.95,192.16,102
09/24/2024,193.96,43478930,194.27,195.37,190.13,103
09/23/2024,193.88,36993110,191.64,194.45,190.57,104
09/20/2024,191.60,100378600,190.23,191.84,187.41,105
09/19/2024,189.87,39543170,190.04,190.99,188.47,106
09/18/2024,186.43,34448130,186.45,188.80,185.06,107
09/17/2024,186.88,26091680,186.85,189.45,186.14,108
09/16/2024,184.89,26065490,185.29,185.81,183.36,109
09/13/2024,186.49,26495350,187.00,188.50,185.91,110
09/12/2024,187.00,33622480,184.80,187.41,183.54,111
09/11/2024,184.52,42564700,180.10,184.99,175.73,112
09/10/2024,179.55,36233800,177.49,180.50,176.79,113
09/09/2024,175.40,29037360,174.53,175.85,173.51,114
09/06/2024,171.39,41466540,177.24,178.38,171.16,115
09/05/2024,177.89,40170530,175.00,179.88,175.00,116
09/04/2024,173.33,30309230,174.48,175.98,172.54,117
09/03/2024,176.25,37817510,177.55,178.26,175.26,118
08/30/2024,178.50,43429360,172.78,178.90,172.60,119
08/29/2024,172.12,26407820,173.22,174.29,170.81,120
08/28/2024,170.80,29045030,173.69,173.69,168.92,121
08/27/2024,173.12,29841980,174.15,174.89,172.25,122
08/26/2024,175.50,22366240,176.70,177.47,174.30,123
08/23/2024,177.04,29150090,177.34,178.97,175.24,124
08/22/2024,176.13,32047480,181.38,181.47,175.68,125
08/21/2024,180.11,35599120,179.92,182.39,178.89,126
08/20/2024,178.88,26255200,177.92,179.01,177.43,127
08/19/2024,178.22,31129810,177.64,178.30,176.16,128
08/16/2024,177.06,31489180,177.04,178.34,176.26,129
08/15/2024,177.59,51698510,174.86,177.91,173.99,130
08/14/2024,170.10,28843800,172.11,172.28,168.86,131
08/13/2024,170.23,39237920,167.81,171.04,167.10,132
08/12/2024,166.80,30072790,168.14,168.55,166.11,133
08/09/2024,166.94,36401050,166.40,168.55,165.85,134
08/08/2024,165.80,44616210,165.17,166.69,162.55,135
08/07/2024,162.77,48408240,166.55,167.58,161.43,136
08/06/2024,161.93,59950830,161.71,165.08,158.54,137
08/05/2024,161.02,83149440,154.21,162.96,151.61,138
08/02/2024,167.90,141448400,166.75,168.77,160.55,139
08/01/2024,184.07,70435640,189.29,190.60,181.87,140
07/31/2024,186.98,41667330,185.05,187.94,184.46,141
07/30/2024,181.71,39508570,184.72,185.86,179.38,142
07/29/2024,183.20,33270120,183.84,184.75,182.38,143
07/26/2024,182.50,29505960,180.39,183.19,180.24,144
07/25/2024,179.85,44464160,182.91,183.90,176.80,145
07/24/2024,180.83,41532360,183.20,185.45,180.41,146
07/23/2024,186.41,47537670,184.10,189.39,183.56,147
07/22/2024,182.55,39931920,185.00,185.06,182.48,148
07/19/2024,183.13,43081830,181.14,184.93,180.11,149
07/18/2024,183.75,51043630,189.59,189.68,181.45,150
07/17/2024,187.93,48076140,191.35,191.58,185.99,151
07/16/2024,193.02,33994710,195.59,196.62,192.24,152
07/15/2024,192.72,40683230,194.56,196.19,190.83,153
07/12/2024,194.49,30598530,194.80,196.47,193.83,154
07/11/2024,195.05,44565040,200.09,200.27,192.86,155
07/10/2024,199.79,32883750,200.00,200.11,197.69,156
07/09/2024,199.34,32756740,199.40,200.57,199.05,157
07/08/2024,199.29,34767260,200.04,201.20,197.96,158
07/05/2024,200.00,39858890,198.65,200.55,198.17,159
07/03/2024,197.59,31597930,199.94,200.03,196.76,160
07/02/2024,200.00,45600010,197.28,200.43,195.93,161
07/01/2024,197.20,41192010,193.49,198.30,192.82,162
06/28/2024,193.25,76930190,197.73,198.85,192.50,163
06/27/2024,197.85,74397490,195.01,199.84,194.20,164
06/26/2024,193.61,65103890,186.92,194.80,186.26,165
06/25/2024,186.34,45898480,186.81,188.84,185.42,166
06/24/2024,185.57,50610380,189.33,191.00,185.33,167
06/21/2024,189.08,72931750,187.80,189.28,185.86,168
06/20/2024,186.10,44726780,182.91,186.51,182.72,169
06/18/2024,182.81,36659160,183.74,184.29,181.43,170
06/17/2024,184.06,35601910,182.52,185.00,181.22,171
06/14/2024,183.66,25456410,183.08,183.72,182.23,172
06/13/2024,183.83,39721550,186.09,187.67,182.67,173
06/12/2024,186.89,33984220,188.02,188.35,185.43,174
06/11/2024,187.23,27265110,187.06,187.77,184.54,175
06/10/2024,187.06,34494500,184.07,187.23,183.79,176
06/07/2024,184.30,28021470,184.90,186.29,183.36,177
06/06/2024,185.00,31371150,181.75,185.00,181.49,178
06/05/2024,181.28,32116390,180.10,181.50,178.75,179
06/04/2024,179.34,27198390,177.64,179.82,176.44,180
06/03/2024,178.34,30786640,177.70,178.70,175.92,181
05/31/2024,176.44,58903940,178.30,179.21,173.87,182
05/30/2024,179.32,29249230,181.31,181.34,178.36,183
05/29/2024,182.02,32009290,181.70,184.08,181.55,184
05/28/2024,182.15,29926960,179.93,182.24,179.49,185
05/24/2024,180.75,27471640,181.65,182.44,180.30,186
05/23/2024,181.05,33670170,183.66,184.76,180.08,187
05/22/2024,183.13,28148780,183.88,185.22,181.97,188
05/21/2024,183.15,50839130,182.30,183.26,180.75,189
05/20/2024,183.54,30511770,184.34,186.67,183.28,190
05/17/2024,184.70,33175660,183.76,185.30,183.35,191
05/16/2024,183.63,38834450,185.60,187.31,183.46,192
05/15/2024,185.99,75459930,185.97,186.72,182.73,193
05/14/2024,187.07,38698160,183.82,187.72,183.45,194
05/13/2024,186.57,24898610,188.00,188.31,185.36,195
05/10/2024,187.48,34141770,189.16,189.89,186.93,196
05/09/2024,189.50,43368380,188.88,191.70,187.44,197
05/08/2024,188.00,26136350,187.44,188.43,186.39,198
05/07/2024,188.76,34048900,188.92,189.94,187.31,199
05/06/2024,188.70,34725300,186.28,188.75,184.80,200
05/03/2024,186.21,39172000,186.99,187.87,185.42,201
05/02/2024,184.72,54303510,180.85,185.10,179.91,202
05/01/2024,179.00,94645150,181.64,185.15,176.56,203
04/30/2024,175.00,94639790,181.09,182.99,174.80,204
04/29/2024,180.96,54063940,182.75,183.53,179.39,205
04/26/2024,179.62,43919770,177.80,180.82,176.13,206
04/25/2024,173.67,49249390,169.68,173.92,166.32,207
04/24/2024,176.59,34185110,179.94,180.32,176.18,208
04/23/2024,179.54,37046520,178.08,179.93,175.98,209
04/22/2024,177.23,37924890,176.94,178.87,174.56,210
04/19/2024,174.63,56000730,178.74,179.00,173.44,211
04/18/2024,179.22,30723790,181.47,182.39,178.65,212
04/17/2024,181.28,31359670,184.31,184.57,179.82,213
04/16/2024,183.32,32891270,183.27,184.83,182.26,214
04/15/2024,183.62,48052400,187.43,188.69,183.00,215
04/12/2024,186.13,38608850,187.72,188.38,185.08,216
04/11/2024,189.05,40020740,186.74,189.77,185.51,217
04/10/2024,185.95,35879150,182.77,186.27,182.67,218
04/09/2024,185.67,36546950,187.24,187.34,184.20,219
04/08/2024,185.19,39221280,186.90,187.29,184.81,220
04/05/2024,185.07,42373990,182.38,186.27,181.97,221
04/04/2024,180.00,41624260,184.00,185.10,180.00,222
04/03/2024,182.41,31046640,179.90,182.87,179.80,223
04/02/2024,180.69,32611550,179.07,180.79,178.38,224
04/01/2024,180.97,29174520,180.79,183.00,179.95,225
03/28/2024,180.38,38051590,180.17,181.70,179.26,226
03/27/2024,179.83,33272550,179.88,180.00,177.31,227
03/26/2024,178.30,29658980,180.15,180.45,177.95,228
03/25/2024,179.71,29815460,178.01,180.99,177.24,229
03/22/2024,178.87,27995380,177.75,179.26,176.75,230
03/21/2024,178.15,32824320,179.99,181.42,178.15,231
03/20/2024,178.15,29947150,176.14,178.53,174.64,232
03/19/2024,175.90,26880890,174.22,176.09,173.52,233
03/18/2024,174.48,31250690,175.80,176.69,174.28,234
03/15/2024,174.42,72147390,176.64,177.93,173.90,235
03/14/2024,178.75,43705840,177.69,179.53,176.47,236
03/13/2024,176.56,30772600,175.90,177.62,175.55,237
03/12/2024,175.39,36610600,173.50,176.76,171.98,238
03/11/2024,171.96,28484780,174.31,174.47,171.47,239
03/08/2024,175.35,37893240,176.44,178.79,174.33,240
03/07/2024,176.82,34063280,174.83,177.99,173.72,241
03/06/2024,173.51,32090930,175.54,176.46,173.26,242
03/05/2024,174.12,37228340,176.93,176.93,173.30,243
03/04/2024,177.58,37381520,177.53,180.14,177.49,244
03/01/2024,178.22,31981150,176.75,178.73,176.07,245
02/29/2024,176.76,53805360,173.01,177.22,172.85,246
02/28/2024,173.16,28180480,172.44,174.05,172.27,247
02/27/2024,173.54,31141730,174.08,174.62,172.86,248
02/26/2024,174.73,44368610,175.70,176.37,174.26,249
02/23/2024,174.99,59715240,174.28,175.75,173.70,250
02/22/2024,174.58,55392350,173.10,174.80,171.77,251
02/21/2024,168.59,44575620,168.94,170.23,167.14,252
02/20/2024,167.08,41980330,167.83,168.71,165.74,253
02/16/2024,169.51,48107740,168.74,170.42,167.17,254
02/15/2024,169.80,49855200,170.58,171.17,167.59,255
02/14/2024,170.98,42815540,169.21,171.21,168.28,256
02/13/2024,168.64,56345120,167.73,170.95,165.75,257
02/12/2024,172.34,51050440,174.80,175.39,171.54,258
02/09/2024,174.45,56985990,170.90,175.00,170.58,259
02/08/2024,169.84,42316450,169.65,171.43,168.88,260
02/07/2024,170.53,47174060,169.48,170.88,168.94,261
02/06/2024,169.15,42505520,169.39,170.71,167.65,262
02/05/2024,170.31,55081300,170.20,170.55,167.70,263
02/02/2024,171.81,117218300,169.19,172.50,167.33,264
02/01/2024,159.28,76542420,155.87,159.76,155.62,265
01/31/2024,155.20,50284370,157.00,159.01,154.81,266
01/30/2024,159.00,45207430,160.70,161.73,158.49,267
01/29/2024,161.26,45270390,159.34,161.29,158.90,268
01/26/2024,159.12,51047350,158.42,160.72,157.91,269
01/25/2024,157.75,43638590,156.95,158.51,154.55,270
01/24/2024,156.87,48547320,157.80,158.51,156.48,271
01/23/2024,156.02,37986040,154.85,156.21,153.93,272
01/22/2024,154.78,43687470,156.89,157.05,153.90,273
01/19/2024,155.34,51651630,153.83,155.76,152.74,274
01/18/2024,153.50,37850250,152.77,153.78,151.82,275
01/17/2024,151.71,34953360,151.49,152.15,149.91,276
01/16/2024,153.16,41384640,153.53,154.99,152.15,277
01/12/2024,154.62,40484160,155.39,156.20,154.01,278
01/11/2024,155.18,49072690,155.04,157.17,153.12,279
01/10/2024,153.73,44421830,152.06,154.42,151.88,280
01/09/2024,151.37,43812570,148.33,151.71,148.21,281
01/08/2024,149.10,46757050,146.74,149.40,146.15,282
01/05/2024,145.24,45153150,144.69,146.59,144.53,283
01/04/2024,144.57,56039810,145.59,147.38,144.05,284
01/03/2024,148.47,49425500,149.20,151.05,148.33,285
01/02/2024,149.93,47339420,151.54,152.38,148.39,286
12/29/2023,151.94,39823200,153.10,153.89,151.03,287
12/28/2023,153.38,27057000,153.72,154.08,152.95,288
12/27/2023,153.34,31434730,153.56,154.78,153.12,289
12/26/2023,153.41,25067220,153.56,153.98,153.03,290
12/22/2023,153.42,29514090,153.77,154.35,152.71,291
12/21/2023,153.84,36305730,153.30,153.97,152.10,292
12/20/2023,152.12,50322110,152.90,155.63,151.56,293
12/19/2023,153.79,43171290,154.40,155.12,152.69,294
12/18/2023,154.07,62512830,150.56,154.86,150.05,295
12/15/2023,149.97,110089300,148.38,150.57,147.88,296
12/14/2023,147.42,58400850,149.93,150.54,145.52,297
12/13/2023,148.84,52766200,148.12,149.46,146.82,298
12/12/2023,147.48,44944260,145.52,147.50,145.30,299
12/11/2023,145.89,50907290,145.66,146.19,143.64,300
12/08/2023,147.42,41905970,145.48,147.84,145.40,301
12/07/2023,146.88,52352830,146.15,147.92,145.34,302
12/06/2023,144.52,39678960,147.58,147.85,144.28,303
12/05/2023,146.88,46822410,143.55,148.57,143.13,304
12/04/2023,144.84,48294240,145.25,145.35,142.81,305
12/01/2023,147.03,39951830,146.00,147.25,145.55,306
11/30/2023,146.09,65814020,144.76,146.93,144.33,307
11/29/2023,146.32,40610910,147.85,148.54,145.97,308
11/28/2023,147.03,42711680,146.98,147.60,145.53,309
11/27/2023,147.73,53762430,147.53,149.26,146.88,310
11/24/2023,146.74,22378380,146.70,147.20,145.32,311
11/22/2023,146.71,45700000,144.57,147.74,144.57,312
11/21/2023,143.90,71225990,143.91,144.05,141.50,313
11/20/2023,146.13,41978770,145.13,146.63,144.73,314
11/17/2023,145.18,49678440,142.66,145.23,142.55,315
11/16/2023,142.83,49653510,140.91,143.32,139.52,316
11/15/2023,143.20,63875720,147.06,147.29,142.59,317
11/14/2023,145.80,56674550,145.00,147.26,144.68,318
11/13/2023,142.59,35680570,142.08,143.23,140.67,319
11/10/2023,143.56,49349940,140.46,143.65,139.91,320
11/09/2023,140.60,36235370,142.02,142.65,139.84,321
11/08/2023,142.08,44521660,142.97,143.12,141.22,322
11/07/2023,142.71,53553540,140.55,143.37,140.50,323
11/06/2023,139.74,44970420,138.76,140.73,138.36,324
11/03/2023,138.60,44059810,138.99,139.49,137.45,325
11/02/2023,138.07,52236690,138.73,138.81,136.47,326
11/01/2023,137.00,61529410,133.96,137.35,133.71,327
10/31/2023,133.09,51589380,132.75,133.57,131.71,328
10/30/2023,132.71,72485540,129.72,133.00,128.56,329
10/27/2023,127.74,125309300,126.20,130.02,125.52,330
10/26/2023,119.57,100419500,120.63,121.64,118.35,331
10/25/2023,121.39,74577540,126.04,126.34,120.79,332
10/24/2023,128.56,46477360,127.74,128.80,126.34,333
10/23/2023,126.56,48259950,124.63,127.88,123.98,334
10/20/2023,125.17,56406410,128.05,128.17,124.97,335
10/19/2023,128.40,60961360,130.57,132.24,127.47,336
10/18/2023,128.13,42699480,129.90,130.67,127.51,337
10/17/2023,131.47,49344550,130.39,132.58,128.71,338
10/16/2023,132.55,42832920,130.69,133.07,130.43,339
10/13/2023,129.79,45824690,132.98,133.31,128.95,340
10/12/2023,132.33,55528580,132.17,134.48,131.23,341
10/11/2023,131.83,40741840,129.74,132.05,129.61,342
10/10/2023,129.48,42178620,128.82,130.74,128.05,343
10/09/2023,128.26,38773740,126.22,128.79,124.76,344
10/06/2023,127.96,46836700,124.16,128.45,124.13,345
10/05/2023,125.96,39660640,126.71,126.73,124.33,346
10/04/2023,127.00,44203870,126.06,127.36,125.68,347
10/03/2023,124.72,51564990,128.06,128.52,124.25,348
10/02/2023,129.46,48029740,127.28,130.47,126.54,349
09/29/2023,127.12,62411730,128.20,129.15,126.32,350
09/28/2023,125.98,54554970,124.04,126.58,123.04,351
09/27/2023,125.98,66553450,125.76,127.48,124.13,352
09/26/2023,125.98,73048210,130.12,130.39,125.28,353
09/25/2023,131.27,46017830,129.36,131.78,128.77,354
09/22/2023,129.12,59904350,131.11,132.03,128.52,355
09/21/2023,129.33,70343340,131.94,132.24,129.31,356
09/20/2023,135.29,46263720,138.55,139.37,135.20,357
09/19/2023,137.63,61482470,138.70,138.84,135.56,358
09/18/2023,139.98,42823480,140.48,141.75,139.22,359
09/15/2023,140.39,102909300,142.69,143.57,140.09,360
09/14/2023,144.72,64033610,145.08,145.86,142.95,361
09/13/2023,144.85,60465180,140.95,144.98,140.87,362
09/12/2023,141.23,42668450,142.32,143.00,140.61,363
09/11/2023,143.10,56764530,138.75,143.62,138.64,364
09/08/2023,138.23,38365930,136.86,138.85,136.75,365
09/07/2023,137.85,48498910,133.90,138.03,133.16,366
09/06/2023,135.36,41785510,136.32,137.45,134.61,367
09/05/2023,137.27,40636740,137.73,137.80,135.82,368
09/01/2023,138.12,40991540,139.46,139.96,136.88,369
08/31/2023,138.01,58781310,135.06,138.79,135.00,370
08/30/2023,135.07,36137020,134.93,135.68,133.92,371
08/29/2023,134.91,38646090,133.38,135.14,133.25,372
08/28/2023,133.14,34108410,133.78,133.95,131.85,373
08/25/2023,133.26,44147450,132.47,133.87,130.58,374
08/24/2023,131.84,43646250,136.40,136.78,131.83,375
08/23/2023,135.52,42801040,134.50,135.95,133.22,376
08/22/2023,134.25,32935100,135.08,135.65,133.73,377
08/21/2023,134.68,41442480,133.74,135.19,132.71,378
08/18/2023,133.22,48497700,131.62,134.07,131.15,379
08/17/2023,133.98,48354090,135.46,136.09,133.53,380
08/16/2023,135.07,41675900,137.19,137.27,135.01,381
08/15/2023,137.67,42781520,140.05,141.28,137.23,382
08/14/2023,140.57,47148700,138.30,140.59,137.75,383
08/11/2023,138.41,42905830,137.40,139.33,137.00,384
08/10/2023,138.56,58928400,139.08,140.41,137.49,385
08/09/2023,137.85,50017350,139.97,140.32,137.10,386
08/08/2023,139.94,51710500,140.62,140.84,138.42,387
08/07/2023,142.22,71213110,140.99,142.54,138.95,388
08/04/2023,139.57,153128500,141.06,143.63,139.32,389
08/03/2023,128.91,91163740,127.48,129.84,126.41,390
08/02/2023,128.21,51027610,130.15,130.23,126.82,391
08/01/2023,131.69,42298930,133.55,133.69,131.62,392
07/31/2023,133.68,41901520,133.20,133.87,132.38,393
07/28/2023,132.21,46317380,129.69,133.01,129.33,394
07/27/2023,128.25,52610660,131.00,132.63,127.79,395
07/26/2023,128.15,53910090,126.51,129.08,126.11,396
07/25/2023,129.13,39236660,129.31,129.58,128.53,397
07/24/2023,128.80,45671540,130.31,131.66,128.35,398
07/21/2023,130.00,133307300,131.34,131.37,128.42,399
07/20/2023,129.96,59820580,134.07,134.79,129.33,400
07/19/2023,135.36,54531040,133.39,135.99,132.53,401
07/18/2023,132.83,54969130,132.71,133.86,131.36,402
07/17/2023,133.56,48450200,134.56,135.62,133.21,403
07/14/2023,134.68,54487090,134.06,136.65,134.06,404
07/13/2023,134.30,61170880,134.04,134.67,132.71,405
07/12/2023,130.80,54022850,130.31,131.26,128.83,406
07/11/2023,128.78,49951460,127.75,129.77,127.35,407
07/10/2023,127.13,61889290,129.07,129.28,125.92,408
07/07/2023,129.78,41992250,128.59,130.97,128.13,409
07/06/2023,128.36,40697850,128.25,128.73,127.37,410
07/05/2023,130.38,35895410,130.24,131.40,129.64,411
07/03/2023,130.22,27939570,130.82,131.85,130.07,412
06/30/2023,130.36,54350680,129.47,131.25,128.95,413
06/29/2023,127.90,40760960,128.77,129.26,127.26,414
06/28/2023,129.04,52149510,128.94,131.48,128.44,415
06/27/2023,129.18,46801010,128.63,130.09,127.55,416
06/26/2023,127.33,59989320,129.33,131.49,127.10,417
06/23/2023,129.33,71927780,129.11,130.84,128.28,418
06/22/2023,130.15,90354570,125.31,130.33,125.14,419
06/21/2023,124.83,52137670,125.64,126.73,123.85,420
06/20/2023,125.78,56930120,124.97,127.25,124.50,421
06/16/2023,125.49,84247100,127.71,127.90,125.30,422
06/15/2023,127.11,60458470,125.21,127.69,124.32,423
06/14/2023,126.42,52422460,126.70,126.95,124.12,424
06/13/2023,126.66,50564790,128.12,128.41,125.18,425
06/12/2023,126.57,51473380,124.02,126.78,123.53,426
06/09/2023,123.43,51396020,124.08,125.80,123.19,427
06/08/2023,124.25,62159270,123.01,125.63,122.26,428
06/07/2023,121.23,95663280,127.01,127.37,120.63,429
06/06/2023,126.61,45695210,125.07,127.40,125.00,430
06/05/2023,125.30,47950130,123.36,125.80,123.03,431
06/02/2023,124.25,61264410,124.92,126.39,124.02,432
06/01/2023,122.77,54375130,120.69,123.49,119.93,433
05/31/2023,120.58,72800790,121.45,122.04,119.17,434
05/30/2023,121.66,64314810,122.37,122.92,119.86,435
05/26/2023,120.11,96779890,116.04,121.50,116.02,436
05/25/2023,115.00,66496680,116.63,116.87,114.31,437
05/24/2023,116.75,63487940,115.35,117.34,115.02,438
05/23/2023,114.99,67576260,114.27,117.14,113.78,439
05/22/2023,115.01,70741120,116.77,116.77,114.25,440
05/19/2023,116.25,55056310,118.16,118.31,115.70,441
05/18/2023,118.15,73174090,116.69,118.60,116.34,442
05/17/2023,115.50,65655180,114.89,115.83,114.22,443
05/16/2023,113.40,71472910,111.05,114.79,111.05,444
05/15/2023,111.20,53011150,111.15,112.29,109.25,445
05/12/2023,110.26,49852670,112.16,112.64,109.32,446
05/11/2023,112.18,74924840,111.03,113.28,110.49,447
05/10/2023,110.19,78627620,108.10,110.67,108.05,448
05/09/2023,106.62,44089360,105.48,106.79,105.16,449
05/08/2023,105.83,49430910,105.04,106.10,104.70,450
05/05/2023,105.66,56951740,104.27,105.76,103.55,451
05/04/2023,104.00,45345520,104.04,105.39,103.31,452
05/03/2023,103.65,65051930,103.74,105.96,103.28,453
05/02/2023,103.63,73469350,101.47,103.90,101.15,454
05/01/2023,102.05,74728100,104.95,105.23,101.82,455
04/28/2023,105.45,130715900,107.73,109.48,104.33,456
04/27/2023,109.82,149961200,108.16,110.86,106.80,457
04/26/2023,104.98,73803790,105.04,106.62,104.10,458
04/25/2023,102.57,65026820,104.91,105.45,102.45,459
04/24/2023,106.21,69575610,107.66,109.23,105.07,460
04/21/2023,106.96,86774190,106.10,108.15,105.08,461
04/20/2023,103.81,57696870,103.53,105.25,103.21,462
04/19/2023,104.30,58398890,101.58,105.12,101.39,463
04/18/2023,102.30,39790520,103.95,104.20,101.52,464
04/17/2023,102.74,39919460,103.16,103.73,101.59,465
04/14/2023,102.51,51450520,102.07,103.20,101.11,466
04/13/2023,102.40,67925140,98.95,102.57,98.71,467
04/12/2023,97.83,56735010,100.40,100.51,97.71,468
04/11/2023,99.92,60417850,100.80,101.00,99.01,469
04/10/2023,102.17,37261190,100.96,102.20,99.57,470
04/06/2023,102.06,43808020,100.75,102.38,99.80,471
04/05/2023,101.10,45175390,103.91,103.91,100.75,472
04/04/2023,103.95,48662500,102.75,104.20,102.11,473
04/03/2023,102.41,41135730,102.30,103.29,101.43,474
03/31/2023,103.29,56750320,102.16,103.49,101.95,475
03/30/2023,102.00,53633400,101.55,103.04,101.01,476
03/29/2023,100.25,49783280,98.69,100.42,98.56,477
03/28/2023,97.24,38720050,98.11,98.44,96.29,478
03/27/2023,98.04,46721300,99.07,99.34,97.08,479
03/24/2023,98.13,56144800,98.07,98.30,96.40,480
03/23/2023,98.71,57559310,100.43,101.06,97.62,481
03/22/2023,98.70,57475370,100.45,102.10,98.61,482
03/21/2023,100.61,58597280,98.14,100.85,98.00,483
03/20/2023,97.71,62388910,98.41,98.48,95.70,484
03/17/2023,98.95,87300240,99.79,100.66,97.46,485
03/16/2023,100.04,84558930,95.75,100.99,95.61,486
03/15/2023,96.20,70731790,93.22,96.67,93.07,487
03/14/2023,94.88,60912670,93.83,95.07,92.71,488
03/13/2023,92.43,72397050,89.97,94.02,88.12,489
03/10/2023,90.73,69827490,92.67,93.57,90.25,490
03/09/2023,92.25,56218710,93.68,96.21,92.18,491
03/08/2023,93.92,44899130,93.60,94.17,92.18,492
03/07/2023,93.55,49100670,94.06,95.09,92.78,493
03/06/2023,93.75,52112360,95.19,96.55,93.74,494
03/03/2023,94.90,55759610,92.74,94.94,92.66,495
03/02/2023,92.13,55574820,91.41,92.23,90.39,496
03/01/2023,92.17,52299520,93.87,94.68,91.59,497
02/28/2023,94.23,43959290,93.14,94.69,92.92,498
02/27/2023,93.76,47470320,94.28,94.78,93.14,499
02/24/2023,93.50,57053810,93.53,94.14,92.32,500
02/23/2023,95.82,48466990,96.12,96.43,93.67,501
02/22/2023,95.79,59534090,95.10,97.01,94.80,502
02/21/2023,94.58,56580360,95.34,95.61,94.27,503
02/17/2023,97.20,60029410,97.80,97.94,95.65,504
02/16/2023,98.15,56339170,99.21,100.63,98.10,505
02/15/2023,101.16,48053880,99.09,101.17,98.45,506
02/14/2023,99.70,56202900,98.41,100.92,97.52,507
02/13/2023,99.54,52841460,97.85,99.68,96.91,508
02/10/2023,97.61,52740130,97.56,98.82,96.23,509
02/09/2023,98.24,64622490,101.32,101.78,97.57,510
02/08/2023,100.05,75878300,102.04,102.67,98.78,511
02/07/2023,102.11,119501300,101.17,102.41,98.08,512
02/06/2023,102.18,81945200,102.93,103.95,100.65,513
02/03/2023,103.39,144374800,105.26,108.78,102.52,514
02/02/2023,112.91,158154200,110.25,114.00,108.88,515
02/01/2023,105.15,80450120,102.53,106.24,101.24,516
01/31/2023,103.13,66527250,101.16,103.35,101.14,517
01/30/2023,100.55,70691860,101.09,101.74,99.01,518
01/27/2023,102.24,87775610,99.53,103.49,99.53,519
01/26/2023,99.22,68523560,98.24,99.49,96.92,520
01/25/2023,97.18,94261570,92.56,97.24,91.52,521
01/24/2023,96.32,66929450,96.93,98.09,96.00,522
01/23/2023,97.52,76501100,97.56,97.78,95.86,523
01/20/2023,97.25,67481540,93.86,97.35,93.20,524
01/19/2023,93.68,69002660,94.74,95.44,92.86,525
01/18/2023,95.46,79570370,97.25,99.32,95.38,526
01/17/2023,96.05,72755000,98.68,98.89,95.73,527
01/13/2023,98.12,85549430,94.18,98.37,94.12,528
01/12/2023,95.27,85254780,96.93,97.19,93.50,529
01/11/2023,95.09,103126200,90.93,95.26,90.93,530
01/10/2023,89.87,67756600,87.57,90.19,87.29,531
01/09/2023,87.36,65266060,87.46,89.48,87.08,532
01/06/2023,86.08,83303360,83.03,86.40,81.43,533
01/05/2023,83.12,67930830,85.33,85.42,83.07,534
01/04/2023,85.14,68885120,86.55,86.98,83.36,535
01/03/2023,85.82,76706040,85.46,86.96,84.21,536
12/30/2022,84.00,62401190,83.12,84.05,82.47,537
12/29/2022,84.18,54995900,82.87,84.55,82.55,538
12/28/2022,81.82,58228580,82.80,83.48,81.69,539
12/27/2022,83.04,57284040,84.97,85.35,83.00,540
12/23/2022,85.25,57433660,83.25,85.78,82.93,541
12/22/2022,83.79,81431310,85.52,85.68,82.25,542
12/21/2022,86.77,59267160,86.18,87.23,85.21,543
12/20/2022,85.19,74348300,85.33,86.61,84.33,544
12/19/2022,84.92,83531460,87.51,87.63,84.51,545
12/16/2022,87.86,146144100,88.27,89.35,86.73,546
12/15/2022,88.45,84802880,89.89,89.97,87.47,547
12/14/2022,91.58,70298010,92.50,93.46,89.87,548
12/13/2022,92.49,100212000,95.23,96.25,90.52,549
12/12/2022,90.55,61999760,89.21,90.58,87.87,550
12/09/2022,89.09,67398510,88.90,90.30,88.63,551
12/08/2022,90.35,73305890,89.24,90.86,87.88,552
12/07/2022,88.46,68086880,88.34,89.89,87.48,553
12/06/2022,88.25,75503630,90.50,91.04,87.90,554
12/05/2022,91.01,71535530,93.05,94.06,90.82,555
12/02/2022,94.13,72496390,94.48,95.36,93.78,556
12/01/2022,95.50,68487970,96.99,97.23,94.92,557
11/30/2022,96.54,102805800,92.47,96.54,91.53,558
11/29/2022,92.42,65567290,94.04,94.41,91.44,559
11/28/2022,93.95,75062320,93.93,96.40,93.43,560
11/25/2022,93.41,35088610,93.79,94.43,93.07,561
11/23/2022,94.13,59414680,93.24,94.58,92.83,562
11/22/2022,93.20,62191960,92.62,93.35,90.87,563
11/21/2022,92.46,84330270,93.97,95.02,90.59,564
11/18/2022,94.14,72428190,95.95,95.99,92.48,565
11/17/2022,94.85,82617870,95.37,96.97,94.03,566
11/16/2022,97.12,87958830,96.85,98.49,95.54,567
11/15/2022,98.94,111336300,103.21,103.79,97.34,568
11/14/2022,98.49,99533070,98.77,100.12,97.29,569
11/11/2022,100.79,111590500,97.88,101.19,96.66,570
11/10/2022,96.63,173414900,92.94,98.69,91.65,571
11/09/2022,86.14,90796250,89.47,89.48,85.87,572
11/08/2022,89.98,88703370,90.79,91.72,88.23,573
11/07/2022,90.53,77495730,91.95,92.10,89.04,574
11/04/2022,90.98,129101300,91.49,92.44,88.04,575
11/03/2022,89.30,136683300,92.47,93.50,89.02,576
11/02/2022,92.12,135761800,97.32,97.74,92.01,577
11/01/2022,96.79,153370000,103.99,104.58,96.06,578
10/31/2022,102.44,99251400,103.56,104.87,100.74,579
10/28/2022,103.41,223133400,97.91,103.96,97.66,580
10/27/2022,110.96,129605400,113.92,114.12,109.77,581
10/26/2022,115.66,69002460,116.00,119.35,114.76,582
10/25/2022,120.60,50934610,119.65,121.32,118.95,583
10/24/2022,119.82,49531520,119.98,120.39,116.57,584
10/21/2022,119.32,55660490,114.79,119.59,114.50,585
10/20/2022,115.25,48795100,113.83,118.24,113.51,586
10/19/2022,115.07,47198120,114.71,116.59,113.22,587
10/18/2022,116.36,65607450,119.06,119.52,114.79,588
10/17/2022,113.79,62781990,110.11,114.19,110.09,589
10/14/2022,106.90,67737340,114.10,114.96,106.60,590
10/13/2022,112.53,86868100,107.88,113.44,105.35,591
10/12/2022,112.90,45728660,112.49,113.83,111.40,592
10/11/2022,112.21,56432230,112.71,115.48,110.39,593
10/10/2022,113.67,42339680,115.10,116.25,112.43,594
10/07/2022,114.56,54677980,118.00,118.17,113.88,595
10/06/2022,120.30,42253760,120.77,121.53,119.50,596
10/05/2022,120.95,48217540,118.58,121.75,117.69,597
10/04/2022,121.09,62812560,119.89,123.00,119.79,598
10/03/2022,115.88,50941850,113.58,116.91,112.45,599
09/30/2022,113.00,59479590,114.08,116.92,112.84,600
09/29/2022,114.80,58969710,115.60,116.07,113.06,601
09/28/2022,118.01,55763750,114.38,118.70,113.80,602
09/27/2022,114.41,60094690,117.20,118.32,113.05,603
09/26/2022,115.15,62723270,113.30,117.34,113.13,604
09/23/2022,113.78,65126670,116.00,116.05,112.06,605
09/22/2022,117.31,55229190,117.08,118.79,116.26,606
09/21/2022,118.54,58498890,122.49,123.76,118.45,607
09/20/2022,122.19,47698430,123.35,124.40,121.14,608
09/19/2022,124.66,47279730,122.16,124.71,121.80,609
09/16/2022,123.53,115667800,122.78,123.87,120.70,610
09/15/2022,126.28,52887200,127.38,130.37,125.50,611
09/14/2022,128.55,45316770,127.36,128.84,126.33,612
09/13/2022,126.82,72694010,131.01,131.40,126.27,613
09/12/2022,136.45,53826860,134.10,136.49,134.00,614
09/09/2022,133.27,49422260,130.91,133.69,130.76,615
09/08/2022,129.82,43988510,127.72,130.28,127.10,616
09/07/2022,129.48,47834490,126.12,129.82,125.40,617
09/06/2022,126.11,43888590,127.92,128.62,124.74,618
09/02/2022,127.51,57429830,129.50,131.38,126.39,619
09/01/2022,127.82,56636150,126.00,128.02,123.66,620
08/31/2022,126.77,53648700,129.45,130.59,126.74,621
08/30/2022,128.73,49202990,131.25,132.07,126.85,622
08/29/2022,129.79,48101640,129.90,131.95,128.77,623
08/26/2022,130.75,53322660,136.55,137.83,130.50,624
08/25/2022,137.28,37496280,135.26,137.42,134.28,625
08/24/2022,133.80,38626980,132.75,135.47,132.10,626
08/23/2022,133.62,36252100,133.41,134.99,132.95,627
08/22/2022,133.22,50461500,135.72,136.32,132.85,628
08/19/2022,138.23,47792840,140.47,141.11,137.91,629
08/18/2022,142.30,37458740,141.32,142.77,140.38,630
08/17/2022,142.10,48149780,142.69,143.38,140.78,631
08/16/2022,144.78,59102860,143.91,146.57,142.00,632
08/15/2022,143.18,39014580,142.80,143.76,141.49,633
08/12/2022,143.55,47643480,142.05,143.57,140.12,634
08/11/2022,140.64,44867340,143.86,144.49,139.76,635
08/10/2022,142.69,54773820,142.90,144.60,141.01,636
08/09/2022,137.83,40434720,138.05,138.95,136.21,637
08/08/2022,139.41,52303480,142.05,144.23,138.29,638
08/05/2022,140.80,50686870,140.10,142.86,139.60,639
08/04/2022,142.57,70585020,140.58,143.56,139.55,640
08/03/2022,139.52,71827780,136.21,140.49,136.05,641
08/02/2022,134.16,61922430,134.72,137.44,134.09,642
08/01/2022,135.39,76846910,134.96,138.83,133.51,643
07/29/2022,134.95,148892900,134.90,137.65,132.41,644
07/28/2022,122.28,82245540,121.57,122.84,118.08,645
07/27/2022,120.97,61582020,117.31,121.90,117.16,646
07/26/2022,114.81,67075060,115.79,118.15,114.53,647
07/25/2022,121.14,50221260,122.70,123.64,120.03,648
07/22/2022,122.42,51463800,125.01,125.50,121.35,649
07/21/2022,124.63,60239890,123.20,124.85,121.26,650
07/20/2022,122.77,71268320,118.62,123.48,118.32,651
07/19/2022,118.21,60990040,115.70,118.95,114.03,652
07/18/2022,113.76,59115420,115.00,117.24,113.15,653
07/15/2022,113.55,84317820,112.50,115.59,111.59,654
07/14/2022,110.63,51163140,110.24,111.18,107.58,655
07/13/2022,110.40,61353810,107.03,111.78,106.01,656
07/12/2022,109.22,54280260,112.16,113.23,108.34,657
07/11/2022,111.75,53540020,114.08,114.30,110.87,658
07/08/2022,115.54,45719690,114.60,116.58,113.69,659
07/07/2022,116.33,57872320,113.85,116.99,113.49,660
07/06/2022,114.33,66958880,113.21,115.48,112.01,661
07/05/2022,113.50,76684410,107.60,114.08,106.32,662
07/01/2022,109.56,73021170,106.29,109.75,105.85,663
06/30/2022,106.21,97679400,108.11,108.18,102.52,664
06/29/2022,108.92,66375340,107.38,110.99,106.91,665
06/28/2022,107.40,75172030,113.50,114.85,107.04,666
06/27/2022,113.22,62133240,117.09,117.98,112.70,667
06/24/2022,116.46,69867620,112.38,116.71,111.43,668
06/23/2022,112.44,64345300,110.39,113.00,107.93,669
06/22/2022,108.95,60040130,107.43,112.13,107.02,670
06/21/2022,108.68,70901250,108.20,111.63,103.56,671
06/17/2022,106.22,99772150,102.80,106.98,102.51,672
06/16/2022,103.66,82186300,104.47,104.58,102.01,673
06/15/2022,107.67,85011060,103.86,109.06,103.53,674
06/14/2022,102.31,69728760,104.19,104.88,101.43,675
06/13/2022,103.67,99277740,104.19,106.54,101.86,676
06/10/2022,109.65,87412250,113.42,114.50,109.05,677
06/09/2022,116.15,67029840,119.99,121.30,116.10,678
06/08/2022,121.18,64926590,122.61,123.75,120.75,679
06/07/2022,123.00,85156710,122.01,124.10,120.63,680
06/06/2022,124.79,135269000,125.25,128.99,123.81,681
06/03/2022,122.35,97603320,124.20,124.40,121.05,682
06/02/2022,125.51,100560680,121.68,125.61,120.05,683
06/01/2022,121.68,127528980,122.26,125.18,120.62,684
05/31/2022,120.21,144634160,116.28,121.99,115.68,685
05/27/2022,115.15,93660160,113.55,115.19,112.63,686
05/26/2022,111.08,93002600,107.97,112.67,107.45,687
05/25/2022,106.78,93120100,103.66,108.18,103.65,688
05/24/2022,104.10,102934680,104.03,105.40,101.26,689
05/23/2022,107.56,107797360,108.46,108.82,103.95,690
05/20/2022,107.59,99500640,109.57,109.90,105.01,691
05/19/2022,107.32,88142540,106.28,110.03,106.19,692
05/18/2022,107.11,108379180,111.44,112.85,106.25,693
05/17/2022,115.37,76447740,113.28,115.80,111.28,694
05/16/2022,110.81,74565740,113.10,113.99,110.35,695
05/13/2022,113.06,93684560,109.07,113.18,107.80,696
05/12/2022,106.93,132025140,102.75,110.78,102.41,697
05/11/2022,105.37,109703640,108.10,110.16,104.43,698
05/10/2022,108.86,105433820,111.25,112.64,107.17,699
05/09/2022,108.79,128124380,111.31,114.00,107.96,700
05/06/2022,114.77,124259900,114.85,119.05,113.08,701
05/05/2022,116.41,144391220,123.00,123.50,115.07,702
05/04/2022,125.93,110745360,123.60,126.00,119.18,703
05/03/2022,124.25,79133360,124.05,126.22,122.83,704
05/02/2022,124.50,148788980,122.40,124.67,118.38,705
04/29/2022,124.28,272661800,129.85,130.76,121.63,706
04/28/2022,144.60,117316940,142.18,145.94,140.30,707
04/27/2022,138.17,71336300,140.19,141.95,135.78,708
04/26/2022,139.39,77529160,144.80,144.86,138.93,709
04/25/2022,146.07,61874980,144.02,146.22,142.31,710
04/22/2022,144.35,73078580,148.25,149.62,143.70,711
04/21/2022,148.30,63969320,154.71,156.74,147.59,712
04/20/2022,154.00,59630020,157.60,157.60,153.60,713
04/19/2022,158.12,54926420,152.03,158.65,151.55,714
04/18/2022,152.79,46513520,151.52,154.04,150.25,715
04/14/2022,151.71,51598140,155.39,155.90,151.47,716
04/13/2022,155.54,53390880,150.02,156.03,149.60,717
04/12/2022,150.79,55177440,153.69,155.10,150.38,718
04/11/2022,151.12,52112340,152.71,154.14,150.53,719
04/08/2022,154.46,46001660,156.75,157.37,154.23,720
04/07/2022,157.78,68136780,158.40,160.08,154.51,721
04/06/2022,158.76,79055760,161.65,162.20,157.25,722
04/05/2022,164.06,53728560,167.74,168.11,163.27,723
04/04/2022,168.35,50007960,164.13,168.39,163.21,724
04/01/2022,163.56,57089500,164.15,165.83,162.32,725
03/31/2022,163.00,59965780,166.44,166.50,162.95,726
03/30/2022,166.30,56167260,168.51,168.95,165.50,727
03/29/2022,169.32,66153600,170.38,170.83,167.87,728
03/28/2022,168.99,59853820,164.98,169.04,164.90,729
03/25/2022,164.77,49085500,164.00,165.37,162.25,730
03/24/2022,163.65,56798060,163.75,164.12,160.05,731
03/23/2022,163.41,55811860,163.71,166.37,162.69,732
03/22/2022,164.89,64086120,161.81,166.17,161.70,733
03/21/2022,161.49,66537520,161.12,163.08,159.55,734
03/18/2022,161.25,102962760,156.81,161.59,156.01,735
03/17/2022,157.24,72934840,152.64,157.50,152.14,736
03/16/2022,153.10,84957680,148.50,153.15,147.35,737
03/15/2022,147.37,75584600,142.85,147.99,142.00,738
03/14/2022,141.85,74086100,145.98,147.45,140.88,739
03/11/2022,145.52,68900560,149.57,149.68,145.37,740
03/10/2022,146.82,135062900,145.69,148.67,143.98,741
03/09/2022,139.28,82656660,139.50,140.25,136.83,742
03/08/2022,136.01,91662580,136.68,140.70,133.57,743
03/07/2022,137.45,86933860,145.44,146.09,137.42,744
03/04/2022,145.64,60983120,147.16,147.85,143.81,745
03/03/2022,147.90,65197200,153.53,153.93,146.86,746
03/02/2022,152.05,47334720,150.85,153.00,148.75,747
03/01/2022,151.14,44873580,152.73,154.10,149.98,748
02/28/2022,153.56,57683420,152.43,154.45,150.85,749
02/25/2022,153.79,62395360,150.55,153.99,149.21,750
02/24/2022,151.36,100785760,139.84,151.75,139.50,751
02/23/2022,144.83,64243560,151.65,151.76,144.65,752
02/22/2022,150.20,66128240,150.48,152.98,148.49,753
02/18/2022,152.60,63604100,155.50,155.50,150.89,754
02/17/2022,154.65,64032500,158.15,160.35,154.50,755
02/16/2022,158.10,52704280,155.79,158.83,154.73,756
02/15/2022,156.51,56970660,157.61,158.01,154.64,757
02/14/2022,155.17,83230700,151.75,158.45,151.65,758
02/11/2022,153.29,77100440,158.13,159.00,152.73,759
02/10/2022,159.00,68268120,158.35,160.72,157.75,760
02/09/2022,161.19,68785600,162.87,163.83,160.25,761
02/08/2022,161.41,76040360,156.75,161.79,155.55,762
02/07/2022,157.94,102624380,158.52,162.69,157.25,763
02/04/2022,157.64,253455800,155.61,161.20,150.61,764
02/03/2022,138.85,225531400,141.74,144.25,138.33,765
02/02/2022,150.61,87329760,155.05,155.08,148.86,766
02/01/2022,151.19,59219840,150.00,151.71,147.63,767
01/31/2022,149.57,78307440,144.75,150.36,144.30,768
01/28/2022,143.98,74391980,140.86,144.00,137.93,769
01/27/2022,139.64,77515800,140.80,144.24,139.35,770
01/26/2022,138.87,95601700,144.75,145.18,137.32,771
01/25/2022,139.99,90824660,142.24,143.60,138.15,772
01/24/2022,144.54,156044740,139.00,144.95,135.35,773
01/21/2022,142.64,163971440,149.95,150.90,142.07,774
01/20/2022,151.67,71973320,156.77,158.00,151.35,775
01/19/2022,156.30,53241920,158.76,159.25,156.25,776
01/18/2022,158.92,67441440,159.11,159.73,157.66,777
01/14/2022,162.14,45974860,160.15,162.25,159.80,778
01/13/2022,161.21,52188300,165.25,166.22,161.09,779
01/12/2022,165.21,50029120,166.58,166.88,164.42,780
01/11/2022,165.36,62805580,161.50,166.35,160.70,781
01/10/2022,161.49,87798300,160.59,161.66,156.30,782
01/07/2022,162.55,46605900,163.84,165.24,162.03,783
01/06/2022,163.25,51957780,163.45,164.80,161.94,784
01/05/2022,164.36,64302720,166.88,167.13,164.36,785
01/04/2022,167.52,70725160,170.44,171.40,166.35,786
01/03/2022,170.40,63869140,167.55,170.70,166.16,787
12/31/2021,166.72,47830380,168.96,169.35,166.56,788
12/30/2021,168.64,37583100,169.70,170.89,168.52,789
12/29/2021,169.20,35754040,170.84,171.21,168.60,790
12/28/2021,170.66,54711860,170.18,172.18,169.14,791
12/27/2021,169.67,58846820,171.04,172.94,169.22,792
12/23/2021,171.07,36788240,170.43,171.98,170.15,793
12/22/2021,171.04,55035460,169.27,172.05,168.50,794
12/21/2021,170.42,55955820,167.85,170.72,165.65,795
12/20/2021,167.08,57372660,166.85,167.87,165.60,796
12/17/2021,170.02,85755160,167.71,170.90,165.61,797
12/16/2021,168.87,60876840,173.37,174.17,168.16,798
12/15/2021,173.32,75794260,168.60,173.60,165.20,799
12/14/2021,169.09,55975280,167.55,169.50,166.44,800
12/13/2021,169.57,62169000,172.00,172.10,169.13,801
12/10/2021,172.21,60689760,175.42,175.93,170.50,802
12/09/2021,174.17,46061820,175.75,176.97,174.14,803
12/08/2021,176.16,45253660,176.15,177.18,174.75,804
12/07/2021,176.16,66410720,174.60,177.50,173.33,805
12/06/2021,171.37,68860000,169.65,173.70,166.93,806
12/03/2021,169.49,80711000,172.75,173.49,166.93,807
12/02/2021,171.87,64725760,173.00,174.64,171.19,808
12/01/2021,172.19,75139900,177.25,177.99,172.08,809
11/30/2021,175.35,80022140,178.18,179.29,174.60,810
11/29/2021,178.08,65311140,177.38,179.80,176.58,811
11/26/2021,175.23,59825940,180.10,181.68,175.21,812
11/24/2021,179.02,46560360,178.13,180.68,176.84,813
11/23/2021,179.00,73844920,179.25,181.05,176.39,814
11/22/2021,178.63,96957000,183.82,185.67,178.38,815
11/19/2021,183.83,98924060,185.63,188.11,183.79,816
11/18/2021,184.80,114070760,178.32,185.21,178.05,817
11/17/2021,177.45,51205400,178.24,179.36,177.27,818
11/16/2021,177.04,44341420,176.95,178.83,176.26,819
11/15/2021,177.28,58594380,176.85,179.69,176.29,820
11/12/2021,176.26,53788680,174.25,177.04,172.35,821
11/11/2021,173.63,45288120,175.65,177.16,173.37,822
11/10/2021,174.10,80548440,178.19,180.27,173.15,823
11/09/2021,178.81,85898440,175.76,179.69,175.07,824
11/08/2021,174.45,61479840,176.16,178.95,174.39,825
11/05/2021,175.95,99939020,173.85,178.31,173.85,826
11/04/2021,173.85,107060400,168.50,174.93,168.25,827
11/03/2021,169.20,67943780,165.45,169.75,164.88,828
11/02/2021,165.64,52551800,165.75,166.56,164.18,829
11/01/2021,165.91,72177580,168.09,168.79,164.60,830
10/29/2021,168.62,129721540,165.00,168.74,163.67,831
10/28/2021,172.33,114174660,170.10,173.95,169.30,832
10/27/2021,169.62,54044480,169.40,171.85,168.57,833
10/26/2021,168.80,53966840,167.48,170.81,167.20,834
10/25/2021,166.02,44519120,166.75,167.39,164.89,835
10/22/2021,166.78,62781060,171.05,171.49,166.57,836
10/21/2021,171.75,37627700,170.71,172.01,170.15,837
10/20/2021,170.75,42795540,172.63,173.14,170.02,838
10/19/2021,172.21,47721580,171.71,172.73,171.10,839
10/18/2021,172.34,63482300,169.42,172.46,169.26,840
10/15/2021,170.45,103598820,165.57,170.52,165.20,841
10/14/2021,164.99,42240400,165.12,165.63,164.54,842
10/13/2021,164.21,48501720,163.49,164.42,163.05,843
10/12/2021,162.37,36391420,162.85,163.38,161.81,844
10/11/2021,162.32,40684060,163.75,164.63,161.91,845
10/08/2021,164.43,39964340,165.85,166.07,164.41,846
10/07/2021,165.12,48181500,164.58,166.29,164.15,847
10/06/2021,163.10,50659540,160.68,163.22,159.93,848
10/05/2021,161.05,65384160,160.23,163.04,160.12,849
10/04/2021,159.49,90461140,163.97,164.00,158.81,850
10/01/2021,164.16,56712340,164.45,165.46,162.80,851
09/30/2021,164.25,56940660,165.80,166.39,163.70,852
09/29/2021,165.06,51245360,166.11,167.57,164.89,853
09/28/2021,165.80,88616380,167.89,168.46,164.51,854
09/27/2021,170.29,72689000,168.58,170.78,166.98,855
09/24/2021,171.28,42324820,170.10,171.46,169.67,856
09/23/2021,170.80,47588280,169.00,171.45,169.00,857
09/22/2021,169.00,48228060,167.55,169.45,167.05,858
09/21/2021,167.18,55617560,168.75,168.99,166.62,859
09/20/2021,167.79,93382600,169.80,170.95,165.25,860
09/17/2021,173.13,92331120,174.42,174.87,172.61,861
09/16/2021,174.41,51671960,173.00,174.63,172.31,862
09/15/2021,173.79,59150740,172.13,174.27,170.10,863
09/14/2021,172.50,38737940,173.78,174.34,171.89,864
09/13/2021,172.86,51380440,174.14,174.90,171.90,865
09/10/2021,173.46,47945380,175.09,175.42,173.15,866
09/09/2021,174.21,54384820,176.30,177.50,174.02,867
09/08/2021,176.28,61067280,175.58,177.28,174.78,868
09/07/2021,175.46,54823680,173.90,176.40,173.85,869
09/03/2021,173.90,51566480,172.60,174.13,171.82,870
09/02/2021,173.16,58511880,174.74,175.60,172.75,871
09/01/2021,173.95,72598220,174.82,176.35,173.76,872
08/31/2021,173.54,87128260,171.24,173.63,169.78,873
08/30/2021,171.08,63844880,167.87,172.25,167.76,874
08/27/2021,167.48,48047380,166.66,167.62,165.69,875
08/26/2021,165.80,41975220,164.95,166.60,164.80,876
08/25/2021,164.96,33606120,165.49,166.05,164.31,877
08/24/2021,165.29,51036820,164.00,165.77,163.73,878
08/23/2021,163.29,65362620,160.60,164.05,160.50,879
08/20/2021,160.00,67168560,160.19,160.39,158.79,880
08/19/2021,159.39,75657240,159.70,161.65,159.12,881
08/18/2021,160.06,56086220,162.10,162.70,160.00,882
08/17/2021,162.10,67758440,163.88,164.02,161.28,883
08/16/2021,164.95,66569880,164.15,165.00,160.56,884
08/13/2021,164.70,41133980,165.28,165.30,164.15,885
08/12/2021,165.18,46476460,164.50,165.73,163.48,886
08/11/2021,164.61,58944980,166.57,166.89,163.89,887
08/10/2021,166.03,48251020,167.25,167.90,165.75,888
08/09/2021,167.09,42964400,167.18,167.74,166.43,889
08/06/2021,167.25,52752880,168.75,168.75,166.45,890
08/05/2021,168.80,48670060,167.81,169.45,167.05,891
08/04/2021,167.74,43678900,168.97,169.44,167.28,892
08/03/2021,168.31,83146860,167.04,169.55,164.99,893
08/02/2021,166.57,67078300,167.66,167.95,165.85,894
07/30/2021,166.38,199311860,167.40,168.41,165.35,895
07/29/2021,180.00,110399040,181.39,181.90,179.00,896
07/28/2021,181.52,59987560,181.69,182.92,180.05,897
07/27/2021,181.32,82637800,184.93,184.93,179.31,898
07/26/2021,184.99,58001360,183.66,185.60,182.36,899
07/23/2021,182.83,48725840,182.00,183.31,181.10,900
07/22/2021,181.90,65307040,179.36,182.00,179.11,901
07/21/2021,179.26,46379780,178.82,179.32,177.18,902
07/20/2021,178.66,65113600,178.37,179.60,175.90,903
07/19/2021,177.48,75691900,176.63,177.51,174.96,904
07/16/2021,178.68,80874120,181.67,182.30,178.52,905
07/15/2021,181.56,63705840,184.71,184.77,181.05,906
07/14/2021,184.08,65931360,185.44,185.88,183.04,907
07/13/2021,183.87,76918340,185.11,188.65,183.57,908
07/12/2021,185.93,51432700,187.20,187.86,184.84,909
07/09/2021,185.97,74964740,186.13,187.40,184.67,910
07/08/2021,186.57,103612460,182.18,188.00,181.06,911
07/07/2021,184.83,106561240,185.87,186.71,183.95,912
07/06/2021,183.79,134895360,176.51,184.27,176.45,913
07/02/2021,175.55,63533940,172.58,175.59,171.85,914
07/01/2021,171.65,40741060,171.73,172.85,170.47,915
06/30/2021,172.01,48079840,172.05,173.58,171.75,916
06/29/2021,172.41,41968780,171.94,172.80,171.15,917
06/28/2021,172.19,44855860,170.80,172.40,170.68,918
06/25/2021,170.07,78819940,173.20,173.24,169.71,919
06/24/2021,172.45,76639980,175.38,176.24,171.54,920
06/23/2021,175.19,56266820,175.25,176.05,174.16,921
06/22/2021,175.27,66901640,172.90,176.19,172.80,922
06/21/2021,172.70,65542600,173.82,174.10,171.70,923
06/18/2021,174.35,104954740,174.00,175.35,173.69,924
06/17/2021,174.46,102730620,170.16,174.86,170.05,925
06/16/2021,170.76,84055640,169.60,171.32,168.03,926
06/15/2021,169.16,48524000,169.20,169.85,168.16,927
06/14/2021,169.19,51393100,167.34,169.25,166.78,928
06/11/2021,167.34,56347040,167.48,168.33,166.67,929
06/10/2021,167.48,69529600,164.10,167.55,164.06,930
06/09/2021,164.06,49110600,163.64,164.88,163.54,931
06/08/2021,163.21,68334600,161.13,163.98,160.90,932
06/07/2021,159.90,44315120,159.87,160.40,158.61,933
06/04/2021,160.31,44994980,160.60,161.05,159.94,934
06/03/2021,159.35,47965860,160.21,160.72,159.20,935
06/02/2021,161.70,40290480,161.16,161.75,160.40,936
06/01/2021,160.93,48600900,162.17,162.55,160.45,937
05/28/2021,161.15,46630180,162.10,162.40,160.99,938
05/27/2021,161.51,51223140,162.80,163.02,161.50,939
05/26/2021,163.26,47679720,163.73,164.79,162.93,940
05/25/2021,162.95,65222180,163.33,163.99,160.69,941
05/24/2021,162.25,48456260,160.78,162.90,160.53,942
05/21/2021,160.15,82097640,162.50,162.83,159.85,943
05/20/2021,162.38,52663840,162.22,162.98,161.81,944
05/19/2021,161.59,53594160,159.75,161.74,159.20,945
05/18/2021,161.61,56567820,164.63,165.60,161.52,946
05/17/2021,163.52,73711980,162.30,164.64,161.73,947
05/14/2021,161.15,66500440,159.28,161.44,159.15,948
05/13/2021,158.07,67137540,159.27,160.19,156.65,949
05/12/2021,157.60,98728200,159.25,160.40,156.66,950
05/11/2021,161.20,92395620,156.81,161.90,156.37,951
05/10/2021,159.52,116772060,164.12,164.15,159.50,952
05/07/2021,164.58,94205520,165.95,166.54,164.45,953
05/06/2021,165.32,88953920,163.50,165.72,162.36,954
05/05/2021,163.53,74226160,166.94,167.73,163.22,955
05/04/2021,165.59,108788980,167.81,168.40,163.61,956
05/03/2021,169.32,117510600,174.24,174.33,168.64,957
04/30/2021,173.37,140186920,176.26,177.70,173.13,958
04/29/2021,173.57,153647620,175.25,175.72,171.75,959
04/28/2021,172.93,92637680,171.74,174.49,171.25,960
04/27/2021,170.87,76542800,172.17,173.00,169.90,961
04/26/2021,170.45,97614160,167.40,171.42,166.55,962
04/23/2021,167.04,63933040,165.96,168.75,165.43,963
04/22/2021,165.45,51611800,168.58,168.64,165.07,964
04/21/2021,168.10,44223320,165.80,168.14,165.19,965
04/20/2021,166.73,52460640,168.68,169.15,165.80,966
04/19/2021,168.60,54508100,169.52,171.80,168.01,967
04/16/2021,169.97,63720980,169.00,170.34,167.78,968
04/15/2021,168.95,64671600,168.55,169.85,167.60,969
04/14/2021,166.65,62904080,170.20,170.21,166.30,970
04/13/2021,170.00,66316740,170.04,171.60,169.78,971
04/12/2021,168.97,65635960,167.76,169.75,167.56,972
04/09/2021,168.61,86829460,165.24,168.61,164.45,973
04/08/2021,164.97,56241800,165.55,166.23,164.60,974
04/07/2021,163.97,66924540,161.69,165.18,161.18,975
04/06/2021,161.19,50756180,161.19,162.37,160.85,976
04/05/2021,161.34,66697640,158.65,161.80,158.06,977
04/01/2021,158.05,58806360,155.90,158.12,155.78,978
03/31/2021,154.70,61877920,153.20,155.97,153.13,979
03/30/2021,152.76,46752060,153.50,153.65,151.70,980
03/29/2021,153.79,54919360,152.77,154.56,151.42,981
03/26/2021,152.60,66258480,152.20,152.83,149.80,982
03/25/2021,152.31,71269380,153.65,155.49,151.86,983
03/24/2021,154.35,59179620,157.55,158.02,154.26,984
03/23/2021,156.88,76345260,156.35,159.10,156.04,985
03/22/2021,155.54,58043580,153.39,156.33,153.00,986
03/19/2021,153.75,92507080,151.46,153.86,150.83,987
03/18/2021,151.40,73140540,155.05,155.83,151.25,988
03/17/2021,156.79,62371680,153.66,158.65,153.51,989
03/16/2021,154.59,50775280,155.25,156.45,153.79,990
03/15/2021,154.08,58371840,153.73,154.11,151.60,991
03/12/2021,154.47,48437760,153.75,154.95,152.28,992
03/11/2021,155.68,55527820,155.20,156.59,154.15,993
03/10/2021,152.88,60249780,154.92,155.82,151.50,994
03/09/2021,153.14,80600640,150.90,154.55,150.26,995
03/08/2021,147.60,83700160,150.75,153.23,147.57,996
03/05/2021,150.02,107771020,150.25,150.45,144.05,997
03/04/2021,148.88,109631560,150.60,152.91,147.27,998
03/03/2021,150.25,79774500,154.06,155.39,149.75,999
03/02/2021,154.73,51915240,157.17,158.18,154.36,1000
03/01/2021,157.31,54679260,156.39,157.48,154.90,1001
02/26/2021,154.65,85518600,154.76,156.12,151.84,1002
02/25/2021,152.86,90676020,156.84,158.91,152.39,1003
02/24/2021,157.98,60225500,158.34,158.56,156.27,1004
02/23/2021,159.73,93544440,156.35,160.24,154.68,1005
02/22/2021,159.04,70313580,160.41,161.62,158.61,1006
02/19/2021,162.50,86103680,166.41,166.68,162.29,1007
02/18/2021,166.41,60672140,164.12,166.90,163.70,1008
02/17/2021,165.43,66041980,163.18,166.05,162.98,1009
02/16/2021,163.45,51494420,162.70,165.42,162.68,1010
02/12/2021,163.89,46706780,162.50,164.01,161.67,1011
02/11/2021,163.11,46028340,164.60,164.60,162.40,1012
02/10/2021,164.33,63031000,165.70,165.90,162.70,1013
02/09/2021,165.25,44070520,165.62,166.90,164.89,1014
02/08/2021,166.15,65147820,167.93,168.25,165.20,1015
02/05/2021,167.61,72416160,165.95,168.85,165.14,1016
02/04/2021,166.55,73413220,166.50,167.35,163.89,1017
02/03/2021,165.63,141775620,171.25,171.70,165.43,1018
02/02/2021,169.00,141972740,169.00,171.39,168.06,1019
02/01/2021,167.14,83204240,162.12,167.51,161.75,1020
01/29/2021,160.31,85871120,161.50,161.85,159.23,1021
01/28/2021,161.88,62984560,161.75,165.08,161.43,1022
01/27/2021,161.63,93203160,167.07,167.33,160.35,1023
01/26/2021,166.31,59104700,164.82,166.90,164.14,1024
01/25/2021,164.70,74995160,166.43,168.19,162.16,1025
01/22/2021,164.61,56438280,165.22,166.10,164.16,1026
01/21/2021,165.35,98901020,164.65,167.43,164.48,1027
01/20/2021,163.17,106196700,159.10,163.99,158.75,1028
01/19/2021,156.04,66102840,155.35,157.25,154.80,1029
01/15/2021,155.21,84879900,156.15,157.13,154.76,1030
01/14/2021,156.37,61418380,158.38,158.90,156.03,1031
01/13/2021,158.29,66424880,156.42,159.50,156.10,1032
01/12/2021,156.04,70291640,156.00,157.11,154.30,1033
01/11/2021,155.71,73381900,157.40,157.82,155.50,1034
01/08/2021,159.14,70754880,159.00,159.53,157.11,1035
01/07/2021,158.11,70290900,157.85,160.43,157.75,1036
01/06/2021,156.92,87896300,157.32,159.88,156.56,1037
01/05/2021,160.93,53110960,158.30,161.17,158.25,1038
01/04/2021,159.33,88228980,163.50,163.60,157.20,1039
12/31/2020,162.85,59144120,163.75,164.15,162.06,1040
12/30/2020,164.29,64186200,167.05,167.11,164.12,1041
12/29/2020,166.10,97458660,165.50,167.53,164.06,1042
12/28/2020,164.20,113735740,159.70,165.20,158.63,1043
12/24/2020,158.63,29038340,159.70,160.10,158.45,1044
12/23/2020,159.26,41875740,160.25,160.51,159.21,1045
12/22/2020,160.33,47635620,160.14,161.10,159.00,1046
12/21/2020,160.31,76736920,160.00,161.35,158.30,1047
12/18/2020,160.08,119914260,162.20,162.47,158.58,1048
12/17/2020,161.80,69486940,162.50,163.18,161.05,1049
12/16/2020,162.05,88552320,158.80,162.35,158.18,1050
12/15/2020,158.26,66473720,159.05,159.43,156.52,1051
12/14/2020,157.85,83115880,157.15,159.52,156.30,1052
12/11/2020,155.82,61293900,154.83,155.93,153.64,1053
12/10/2020,155.07,60603720,154.45,157.11,153.80,1054
12/09/2020,155.21,82016720,158.39,158.72,154.40,1055
12/08/2020,158.86,65726060,157.95,159.21,156.00,1056
12/07/2020,157.90,55026320,157.82,159.04,157.08,1057
12/04/2020,158.13,58272220,159.91,159.91,157.94,1058
12/03/2020,159.34,57840780,160.27,161.43,159.07,1059
12/02/2020,160.18,62586080,161.08,161.60,158.66,1060
12/01/2020,161.00,90887640,159.43,162.45,157.86,1061
11/30/2020,158.40,81278320,160.42,161.42,156.28,1062
11/27/2020,159.77,47857340,160.56,160.81,159.50,1063
11/25/2020,159.25,75808060,157.09,159.90,157.01,1064
11/24/2020,155.90,72042040,155.03,156.71,154.31,1065
11/23/2020,154.92,94177740,155.84,156.99,153.27,1066
11/20/2020,154.97,67602760,155.85,156.64,154.90,1067
11/19/2020,155.85,60205400,155.27,156.25,154.05,1068
11/18/2020,155.27,58336720,156.70,157.00,155.26,1069
11/17/2020,156.78,68894700,159.18,159.46,156.76,1070
11/16/2020,156.55,76173520,154.66,157.14,153.63,1071
11/13/2020,156.44,75251740,156.10,157.09,154.27,1072
11/12/2020,155.51,87424160,158.00,158.79,154.30,1073
11/11/2020,156.87,87338460,153.09,156.96,152.50,1074
11/10/2020,151.75,131819120,154.75,155.70,150.97,1075
11/09/2020,157.19,143808120,161.55,164.45,155.61,1076
11/06/2020,165.57,92946600,165.23,166.10,161.60,1077
11/05/2020,166.10,115785700,166.00,168.34,164.44,1078
11/04/2020,162.06,136780820,158.00,162.24,156.99,1079
11/03/2020,152.42,97957600,150.93,153.75,149.05,1080
11/02/2020,150.22,145147000,153.09,153.99,147.51,1081
10/30/2020,151.81,167921620,157.89,158.35,150.95,1082
10/29/2020,160.55,131930580,160.06,162.86,158.20,1083
10/28/2020,158.14,111766600,162.47,163.20,158.12,1084
10/27/2020,164.32,85820940,161.25,164.58,160.57,1085
10/26/2020,160.35,118023020,159.94,164.15,157.67,1086
10/23/2020,160.22,69333740,159.55,160.27,157.00,1087
10/22/2020,158.82,84240100,159.49,159.94,156.10,1088
10/21/2020,159.25,91854720,160.63,161.69,158.00,1089
10/20/2020,160.85,90193560,161.11,163.30,159.60,1090
10/19/2020,160.36,104472520,164.98,166.45,159.64,1091
10/16/2020,163.64,129487060,168.16,169.98,158.00,1092
10/15/2020,166.93,104468960,164.60,167.79,164.00,1093
10/14/2020,168.19,116578320,172.35,173.24,167.00,1094
10/13/2020,172.18,114893940,173.40,174.62,171.21,1095
10/12/2020,172.15,167283960,167.50,174.81,166.98,1096
10/09/2020,164.33,98157420,160.50,164.45,159.89,1097
10/08/2020,159.53,63482280,161.25,161.66,158.75,1098
10/07/2020,159.78,86188780,156.75,160.00,156.62,1099
10/06/2020,155.00,101737140,158.25,159.10,154.50,1100
10/05/2020,159.96,75506640,157.29,160.13,157.04,1101
10/02/2020,156.25,112261960,157.68,159.79,156.15,1102
10/01/2020,161.06,99438440,160.40,161.20,158.60,1103
09/30/2020,157.44,97922020,157.06,160.64,156.70,1104
09/29/2020,157.24,70067960,158.77,159.41,156.63,1105
09/28/2020,158.70,84483300,157.44,158.75,155.86,1106
09/25/2020,154.76,92304040,152.74,155.08,149.95,1107
09/24/2020,150.99,110587840,148.89,153.47,148.25,1108
09/23/2020,149.99,113053300,156.02,156.35,149.62,1109
09/22/2020,156.45,138976320,151.69,156.70,150.01,1110
09/21/2020,148.02,122358500,145.33,148.10,143.55,1111
09/18/2020,147.75,177851600,151.59,151.89,145.28,1112
09/17/2020,150.44,128981000,150.46,151.47,148.63,1113
09/16/2020,153.91,90623780,159.00,159.36,153.71,1114
09/15/2020,157.81,80430700,156.81,158.75,155.45,1115
09/14/2020,155.15,90591920,158.65,159.37,154.80,1116
09/11/2020,155.81,101879640,160.43,160.87,154.20,1117
09/10/2020,158.76,106614820,165.36,167.49,158.53,1118
09/09/2020,163.43,103773500,160.15,165.16,159.25,1119
09/08/2020,157.49,121884100,157.20,162.54,156.50,1120
09/04/2020,164.73,175635080,165.90,169.08,155.56,1121
09/03/2020,168.40,163222260,174.25,174.42,165.15,1122
09/02/2020,176.57,78629520,177.35,177.61,174.33,1123
09/01/2020,174.96,69528140,174.48,175.69,173.35,1124
08/31/2020,172.55,83717700,170.45,174.75,170.25,1125
08/28/2020,170.09,57939560,171.15,171.67,169.33,1126
08/27/2020,170.00,85295900,172.50,172.65,168.90,1127
08/26/2020,172.09,130174860,167.56,172.59,167.23,1128
08/25/2020,167.32,79856840,164.75,167.87,163.35,1129
08/24/2020,165.37,93325160,165.51,169.02,162.88,1130
08/21/2020,164.24,71517240,164.75,165.72,163.77,1131
08/20/2020,164.87,66649560,162.60,165.63,161.90,1132
08/19/2020,163.02,83702740,165.15,165.80,162.80,1133
08/18/2020,165.62,106919480,160.60,166.00,160.29,1134
08/17/2020,159.12,53824740,158.66,159.75,157.71,1135
08/14/2020,157.40,55034460,158.91,158.91,156.00,1136
08/13/2020,158.05,62980860,159.15,160.88,157.75,1137
08/12/2020,158.11,70544580,155.40,158.72,155.07,1138
08/11/2020,154.03,74361140,155.66,157.96,153.65,1139
08/10/2020,157.41,63345480,158.52,158.63,155.08,1140
08/07/2020,158.37,78722540,161.20,162.04,157.03,1141
08/06/2020,161.25,78812040,159.72,162.37,158.27,1142
08/05/2020,160.25,78600500,157.19,160.68,156.37,1143
08/04/2020,156.94,93885880,155.06,158.36,155.06,1144
08/03/2020,155.59,101493260,159.03,159.20,155.20,1145
07/31/2020,158.23,161667380,162.20,162.34,157.55,1146
07/30/2020,152.59,122565300,150.70,154.60,150.25,1147
07/29/2020,151.68,59481200,151.55,151.96,149.84,1148
07/28/2020,150.02,62533020,152.71,153.85,149.79,1149
07/27/2020,152.76,83409840,153.10,154.90,150.79,1150
07/24/2020,150.45,112648260,146.50,151.58,144.40,1151
07/23/2020,149.33,113138120,154.91,154.91,148.50,1152
07/22/2020,155.00,82084500,156.25,157.50,153.26,1153
07/21/2020,156.91,122699300,161.62,162.03,155.29,1154
07/20/2020,159.84,151963520,150.01,160.07,149.70,1155
07/17/2020,148.10,95226380,150.45,151.20,147.42,1156
07/16/2020,150.00,127884920,148.55,151.60,145.91,1157
07/15/2020,150.44,115777480,154.01,154.92,148.66,1158
07/14/2020,154.20,144638660,154.45,156.37,147.50,1159
07/13/2020,155.20,154408400,162.55,167.21,153.42,1160
07/10/2020,160.00,109719640,159.59,160.75,156.79,1161
07/09/2020,159.13,127773180,155.80,159.69,153.70,1162
07/08/2020,154.06,100752700,151.13,154.20,150.62,1163
07/07/2020,150.01,105150280,152.93,153.48,149.50,1164
07/06/2020,152.85,137612840,146.75,152.99,146.50,1165
07/02/2020,144.52,131867740,145.60,147.78,143.56,1166
07/01/2020,143.94,127268780,137.90,144.75,137.70,1167
06/30/2020,137.94,75393720,134.25,138.48,133.75,1168
06/29/2020,134.02,84468440,134.50,134.84,131.50,1169
06/26/2020,134.64,130015680,138.75,139.13,134.40,1170
06/25/2020,137.73,59373140,136.98,137.81,135.61,1171
06/24/2020,136.72,90532100,139.00,139.80,136.05,1172
06/23/2020,138.22,84634140,136.30,139.16,135.90,1173
06/22/2020,135.69,64175600,134.23,135.75,133.45,1174
06/19/2020,133.75,115539260,133.90,134.87,132.95,1175
06/18/2020,132.70,49755480,132.35,132.98,131.81,1176
06/17/2020,132.05,59186320,132.38,132.75,131.59,1177
06/16/2020,130.76,71912980,131.00,131.00,128.80,1178
06/15/2020,128.63,77466700,126.33,129.20,125.40,1179
06/12/2020,127.25,108722540,130.06,131.07,125.17,1180
06/11/2020,127.90,116002140,130.18,133.57,126.81,1181
06/10/2020,132.37,98920620,132.25,136.12,131.31,1182
06/09/2020,130.04,103519000,126.47,131.32,126.25,1183
06/08/2020,126.20,79413080,125.01,126.50,124.37,1184
06/05/2020,124.15,66128900,122.23,124.43,121.86,1185
06/04/2020,123.03,58974200,123.87,125.38,122.50,1186
06/03/2020,123.92,53420480,123.40,124.40,123.06,1187
06/02/2020,123.62,50598060,123.35,123.68,122.27,1188
06/01/2020,123.55,58760640,122.40,123.85,122.21,1189
05/29/2020,122.12,70586580,120.80,122.12,119.91,1190
05/28/2020,120.06,63862720,119.22,121.85,118.91,1191
05/27/2020,120.52,101138900,120.25,120.68,116.50,1192
05/26/2020,121.09,71363060,122.90,123.10,120.70,1193
05/22/2020,121.84,57341580,122.75,123.49,121.51,1194
05/21/2020,122.34,102288060,125.00,126.27,122.13,1195
05/20/2020,124.90,79962860,123.89,125.00,123.36,1196
05/19/2020,122.47,86409960,121.49,124.25,121.45,1197
05/18/2020,121.31,87331440,120.22,121.65,119.20,1198
05/15/2020,120.49,84699020,118.43,120.55,117.82,1199
05/14/2020,119.44,72962560,118.05,119.57,117.66,1200
05/13/2020,118.40,95658380,118.34,120.39,116.89,1201
05/12/2020,117.85,61498320,120.59,120.95,117.75,1202
05/11/2020,120.45,65184620,118.74,120.98,118.61,1203
05/08/2020,118.98,64224560,118.61,119.36,117.85,1204
05/07/2020,118.38,67928220,118.74,118.80,117.16,1205
05/06/2020,117.56,62356280,116.47,117.87,116.00,1206
05/05/2020,115.89,64849920,117.00,117.55,115.36,1207
05/04/2020,115.80,97318520,112.82,116.35,112.82,1208
05/01/2020,114.30,195452100,116.84,118.12,112.91,1209
04/30/2020,123.70,190692220,120.99,123.75,119.80,1210
04/29/2020,118.64,91831860,116.50,119.59,115.50,1211
04/28/2020,115.70,105388920,118.61,118.68,115.30,1212
04/27/2020,118.80,112912900,122.16,122.24,118.15,1213
04/24/2020,120.51,76635940,120.85,121.02,119.10,1214
04/23/2020,119.97,101331040,120.00,121.21,119.10,1215
04/22/2020,118.17,84365900,118.45,119.70,117.55,1216
04/21/2020,116.41,149533580,120.83,121.42,113.98,1217
04/20/2020,119.68,115413880,119.50,122.25,119.30,1218
04/17/2020,118.75,158600200,118.62,120.00,115.80,1219
04/16/2020,120.41,240764000,117.30,123.05,116.75,1220
04/15/2020,115.38,137331340,112.88,116.67,112.25,1221
04/14/2020,114.17,161743860,110.02,114.60,109.31,1222
04/13/2020,108.44,134334180,102.00,109.00,101.90,1223
04/09/2020,102.14,93112340,102.22,102.65,100.88,1224
04/08/2020,102.15,79546260,101.05,102.20,100.56,1225
04/07/2020,100.58,102279660,100.86,101.79,99.88,1226
04/06/2020,99.88,115463620,96.80,99.93,96.50,1227
04/03/2020,95.33,72197400,95.56,96.32,94.46,1228
04/02/2020,95.94,86719700,95.08,96.38,94.50,1229
04/01/2020,95.39,82437500,96.65,97.25,94.65,1230
03/31/2020,97.49,102472520,98.22,99.65,97.20,1231
03/30/2020,98.20,122521740,96.14,98.68,95.62,1232
03/27/2020,95.01,107757940,96.54,96.99,95.00,1233
03/26/2020,97.77,124702360,95.10,97.82,94.46,1234
03/25/2020,94.29,129581460,96.03,97.51,94.29,1235
03/24/2020,97.01,142941600,97.57,97.75,95.02,1236
03/23/2020,95.14,156169780,91.39,95.97,90.60,1237
03/20/2020,92.30,196357000,96.32,97.85,91.04,1238
03/19/2020,94.05,207998800,93.00,97.25,91.63,1239
03/18/2020,91.50,192904360,87.50,92.08,87.25,1240
03/17/2020,90.39,218342600,88.77,92.89,84.46,1241
03/16/2020,84.46,178345300,82.08,87.97,81.30,1242
03/13/2020,89.25,176194500,87.75,89.32,84.03,1243
03/12/2020,83.83,226924200,86.10,88.25,83.75,1244
03/11/2020,91.04,112936620,92.89,93.57,90.08,1245
03/10/2020,94.59,142666200,93.54,94.71,90.91,1246
03/09/2020,90.03,156264640,88.69,93.14,88.06,1247
03/06/2020,95.05,105471600,93.75,95.54,93.48,1248
03/05/2020,96.20,94964200,96.65,98.04,95.50,1249
03/04/2020,98.79,95458380,97.33,98.90,96.10,1250
03/03/2020,95.45,150689820,98.77,99.82,94.40,1251
03/02/2020,97.70,135233020,95.32,97.73,93.50,1252
02/28/2020,94.19,189875940,90.73,94.49,90.56,1253
02/27/2020,94.22,162879860,96.72,98.75,94.14,1254
02/26/2020,98.98,104808040,98.51,100.73,98.02,1255
02/25/2020,98.64,124381880,101.32,101.73,97.92,1256
02/24/2020,100.46,130939940,100.16,101.96,99.40,1257